0	0,01738	negocio país mina manera sociedad criatura semana posición gusto bailarín aventura teatro carta viejo relación fortuna imaginación motivo necesidad vestido billete situación dinero pero alemán personaje cariño plan lugar obra gente par educación recurso policía pretendiente minuto matrimonio cuarto obsequio trabajo ciudad criado hotel caballero calle mañana visita libro clase 
1	0,07449	doña amor pollo criado muchacho mamá marido concha razón mirada primer manera silencio pie lector compadre desgracia alma asunto sombrero sala historia movimiento supuesto viejo puerta castaño personaje grado campo ser merced diablo palabra gracia sazón grupo lugar año gente coche novio pasión risa peso ruido domingo idea prenda situación 
2	0,02854	conde marqués duque castillo condesa palacio esposo título asunto lado voz honor instante secretario coche gesto querido mesa oro sillón posesión idea despacho ser fortuna portero par señoría caballero jardín discípulo costumbre mirada pensamiento podéis gente corte nobleza personaje jefe asiento servicio respeto calma escalera posición vista llave vino diablo 
3	0,15023	pueblo ley país sociedad idea año tierra derecho razón libertad patria siglo obra virtud clase ser época hecho historia raza espíritu principio justicia religión palabra progreso humanidad libro naturaleza mal poder ejemplo fe inteligencia costumbre nación conciencia porvenir sentimiento fuerza necesidad civilización luz educación vicio bien sangre ciencia escuela guerra 
4	0,01321	gallo toro pelea golpe machete valla plaza pueblo guajiro arena aplauso juego palco circo animal cuerpo peso combate fiesta lucha cabeza espectador corrida onza adversario perro fuerza espectáculo habanero público suelo fiera sitio especie primer diversión partido pluma vara destreza aire combatiente izquierda extremo multitud novillo taberna sangre señal contrario 
5	0,10531	esposo marido amor alma matrimonio celo virtud pasión sociedad razón deber falta crimen escándalo viuda hogar víctima conciencia querido vergüenza honor lágrima historia conducta honra felicidad infamia rostro derecho venganza mal educación dignidad prueba causa desprecio efecto desgracia paz dama testigo capricho confianza corazón perdón sentimiento criatura presencia castigo vicio 
6	0,02818	chico cabeza marido calle cara idea coche despacho causa pie brazo carta boca primo dedo manera alcoba escalera tienda gusto frase sol calor trabajo ocasión lengua estancia papá figura guerra domingo acera frío libro pregunta gesto sombrero dama salida abrigo billete guante tontería sofá visita capricho luz duda cristal razón 
7	0,0201	dinero manera escritorio hotel negocio calle cliente viejo trabajo modo patrón mozo cuenta patrona casino mes cariño sueldo relación clientela pieza diablo ropa carta mañana situación confianza dependiente gente género fortuna dueño café lado posición porvenir equipaje ciudad extremo empleo primer historia franco comercio vino libro botella aventura remedio interés 
8	0,01069	mono capitán especie siglo animal doctor raza pie razón palabra ser viajero hembra tribu tierra perro forma naturaleza río edad león bosque fiera orilla época cola negro grito cráneo rama región eslabón ángulo cerebro doña duda fósil palo cara árbol selva tipo isla origen planta ciencia metro rey tigre terreno 
9	0,06238	soldado jefe coronel comandante teniente tropa orden oficial caballo cuartel fuerza capitán arma ayudante pueblo guardia camino cuerpo plaza ejército sargento guerra muchacho ciudad espada militar campaña servicio general marcha causa asistente mando columna gente cabo compañero regimiento voz prisionero caballería mañana población escolta fusil legua rumbo movimiento compañía alojamiento 
10	0,03494	bandido jefe ladrón robo policía crimen compañero bandolero lugar justicia sociedad camarada silencio comandante camino orden dinero cuadra persecución acto autoridad arma aguardiente objeto oro vecino historia cómplice gendarme individuo diablo paraje aspecto agente caverna prenda cara vicio botín asalto horror astucia partida víctima auxilio misterio secreto ciudad poder población 
11	0,01922	doña muchacho primo alma mozo ciudad amor fiesta huérfano chico carta flor anciano corazón cuenta mamá gente libro rostro misa tristeza dinero razón gusto carácter verso criado clérigo modo dama gracia alegría cariño doncella belleza tío obra año valle viento deseo asunto asiento haz viejo mes trabajo tarde pena hacienda 
12	0,08581	mamá papá corazón año tarde amor sala cabeza muchacho lágrima beso alma calle brazo mañana criado rato ventana balcón cara carta cariño paseo comedor palabra novio lado labio jardín pañuelo frase mes tristeza puerta manera voz pie vista gusto fui criatura razón flor tono aire retrato pensamiento campo minuto pieza 
13	0,01588	idea pasión alma espíritu ser forma fuerza cerebro pensamiento belleza frase sentimiento mirada estudio corazón celo deseo voluntad sueño ciencia inteligencia naturaleza pupila existencia inspiración creación amor modo conciencia sensación causa movimiento expresión luz recuerdo ley estado arte mina sentido brillo lucha acto atmósfera acción gracia palabra pieza color crimen 
14	0,01197	condesa carta corazón palabra barón felicidad primo duda pasión modo amistad placer esposo retrato deseo partida dolor mes rato querido pie año velo belleza dama cariño criado capitán cuarto bondad tío objeto especie gracia orgullo tristeza gusto idea valor ángel sacrificio afecto coche conde corte reflexión gabinete ejército pensamiento talento 
15	0,02024	tienda mostrador tendero dependiente socio pieza rayo establecimiento género mercader muchacho peso caja comercio precio par capital negocio patrón papel gesto vara tela asiático acreedor trabajo humor suceso azotea gallego negro hombro dueño letrero noticia sastre comprador cuarto pan letra ropa tarde camisa cabo asiento cedro cinta colega corte crédito 
16	0,02315	mar agua playa costa ola canal viento arena pescador orilla indio tierra compañero isla barca oro piedra remo espuma vista año mes vela cuero canoa superficie lobo roca fondo remero pesca oleaje corriente barco metro puerto punta tormenta región baño embarcación bordo bote montaña sol pez pescado peñasco rumbo carga 
17	0,04552	dama duda dueño esperanza ocasión modo doncella atención suceso lugar habitación efecto pecho condición muestra rostro circunstancia acento aspecto presencia objeto manera extremo arte propósito estancia administrador mirada plática empeño ventura necesidad solicitud asiento expresión sentido lecho prenda cabo afán compañía ademán regocijo ausencia vista idea socorro hecho espacio motivo 
18	0,11317	médico enfermo cama enfermedad lecho dolor hospital muerte estado cuerpo fiebre doctor cabeza salud mal mañana medicina cabecera voz remedio herida cuarto pie ciencia paciente delirio brazo sala almohada agua pulso respiración curación sangre sueño cara tarde lado frente calentura facultativo movimiento rato dolencia fuerza esfuerzo esperanza minuto gravedad operación 
19	0,04429	soldado fuego columna plaza cerro cañón fusil bala tiro fuerza tropa artillería combate batallón ataque jefe línea francés campo orden sangre pieza cadáver descarga frente enemigo arma campamento cuerpo oficial sitio capitán asalto grito coronel bayoneta pólvora grupo posición mañana retaguardia batería tarde pueblo flanco general mexicano terreno silencio instante 
20	0,09416	mesa copa vino botella plato vaso café comida comedor palabra agua cocina compañero cena voz estómago brazo conversación criado brindis orden cabeza gusto manjar mantel salud almuerzo carcajada licor apetito banquete silla taza champagne pan boca gracia cerveza peso pie mozo coñac risa silencio cigarro servilleta sopa bebida huésped postre 
21	0,05281	mar buque puerto agua marinero tierra costa capitán bordo bote vela muelle viento ola gente embarcación viaje lancha inglés barco río pirata vista pasajero orilla dirección isla playa sol tripulación nave marino país peligro bahía rumbo distancia luz cámara voz vapor piloto vuelta cabo horizonte remo movimiento esperanza patrón grupo 
22	0,05482	manera soldado muerte palabra fuerza herida golpe peligro espíritu modo cabeza cariño acto situación gente lado desesperación orden miedo venganza primer remedio duda extremo cuchillo cara servicio tuerto pueblo razón dolor brazo autoridad sangre cabo cuerpo pena cadáver cuenta jefe esfuerzo amenaza estado viaje caballo darle seguridad campamento terror compañero 
23	0,15322	color traje pie cabeza oro seda rostro año cuerpo vestido sombrero brazo cuello cabello labio caballero boca mirada forma barba frente dedo hombro espalda nariz manera aire belleza flor plata pelo gracia silla cinta edad puerta zapato sonrisa diente pecho camisa cara lado atención dueño movimiento cintura pluma punta perla 
24	0,06542	novio matrimonio esposo boda casamiento amor ceremonia marido fiesta felicidad padrino enlace gusto traje flor mañana lágrima noticia iglesia bendición madrina sueño regalo unión lugar sacrificio suegro compañero alegría mes pariente cariño porvenir prometido despedida cura vestido luna beso altar víspera corona blanco sacerdote concurrencia miel sala motivo caja pareja 
25	0,01555	juez barón comisario agente policía crimen sangre herida pieza puerta prueba cadáver magistrado instrucción matador declaración rostro emoción bolsillo justicia médico ley asesinato duda testigo manera dirección mancha orden razón número esposo palabra calle ropa menester cometido portero huella fisonomía cabeza clemencia investigación pregunta chaval morgue bosque examen víctima despacho 
26	0,01545	insurgente hidalgo revolución realista independencia pueblo soldado capitán cura sangre español corazón rey destino caudillo multitud libertad palabra voz hacienda torero silencio héroe muerte roca prisionero montaña orden existencia grito idea historia venganza frente sombra merced garrote viejo cabeza fuego sitio siglo luz tumulto porvenir compañero rayo intendente clérigo enemigo 
27	0,11686	agua cuerpo sangre carne boca cabeza pie suelo fuego sombra aire perro fondo pared pierna sol cara brazo pecho animal silencio espalda dedo hambre grito piedra olor hueso fuerza punta diente calor humo rodilla bestia garganta hombro cuello miedo golpe ruido pedazo frente rostro frío ropa dolor ser vientre piel 
28	0,02924	agua ciudad ceniza fuego tierra grito llama incendio muerte mar piedra voz lluvia nube catástrofe torrente terror humo instante luz edificio volcán calle cielo escombro esqueleto cadáver esfuerzo peligro montaña puerta esperanza multitud viento escena suelo espanto oro horror socorro relámpago espectáculo lugar desesperación tiniebla columna cuerpo golpe ruido rostro 
29	0,08727	muchacho peso dinero calle trabajo año vecino ropa puerta agua pan hambre mañana gente cuarto miseria mes cara cocina sombrero comida rincón necesidad mesa silla patio camisa cama semana barrio clase vecindad dueño lugar pedazo vivienda real tarde mercado domingo tortilla traje criatura alimento falta caridad maestro costura pieza limosna 
30	0,08389	juez cárcel prisión justicia reo muerte crimen preso causa sentencia delito declaración orden víctima sangre ley pena conciencia criminal hecho tribunal libertad proceso defensa asesinato acto asesino secretario alcaide testigo defensor ejecución lugar cómplice sala oficio prueba tormento autoridad silencio cargo inocencia castigo abogado confesión noticia acusación cometido palabra plaza 
31	0,03121	marqués bien abogado título testamento pleito riqueza heredero criado nobleza caballero voluntad herencia acto manera virtud alma favor sentimiento hacienda idea dinero justicia honra trabajo cuerpo matrimonio doña fortuna bondad acción documento esposo satisfacción amo sentido derecho hecho orgullo carta amor ser palacio caridad miseria afecto orden castillo posesión honor 
32	0,01746	alcalde dama barón rey alguacil palacio puerta lugar instante corte marquesa palabra doña cámara criado razón habitación modo orden crimen do muerte fraile alma amor caballero reina escudero espada cascabel poder gracia anciano justicia duda calle venganza rostro podéis libertad peligro secreto misterio gente creáis cielo enemigo socorro oficio pie 
33	0,03643	pistola duelo arma espada muerte padrino sangre honor adversario caballero palabra bala tiro rostro combate voz testigo desafío golpe brazo sitio cadáver valor escándalo revolver fuego escena acero coche carta silencio pecho combatiente orden médico cólera herida frente satisfacción contrario sable acto lucha terreno punta primer derecho miedo puño cañón 
34	0,02345	sor convento monje religioso claustro celda hábito colegio capellán voto coro jardín comunidad lugar regla voluntad monasterio hospicio orden año portería pie reja santo profesión coche velo arzobispo asilo corredor acto muro tierra gente obispo papel toca oración cara órgano libro alumno conciencia vocación historia misionero patio objeto edad voz 
35	0,01516	caballero comisario provincia socio judío suceso gobernador orden obispo especie sitio presencia oficio cabildo conde silencio capellán asunto capitán objeto ánimo palacio hospital negocio motivo escena historia secreto duda amo vista conducta ademán rey crimen bien personaje mesa misterio año pirata terror billete regidor interlocutor espíritu finca observación conferencia prelado 
36	0,00881	filósofo perro avaro razón segundo motivo fortuna chaleco duro dinero efecto cabra tierra ostra historia barón casualidad supuesto modo pintor dolor palo animal pie prueba primer gusto cerrajero mes primero viaje criado caballero artista do costumbre relación especie hecho objeto poeta descubrimiento noticia fe suceso ocasión peligro sistema peseta instante 
37	0,00877	dama criado médico mente escuela mozo sol sueño alcoba cuenta ama cuento rey par anciano brujo cuerpo espejo criatura menester luz chico estudiante ocasión vuelta presencia cielo respuesta celda examen cargo alma juicio esposo edad balcón hogar amo pariente mamá lecho doctor papel razón corazón miel boca semana número asistencia 
38	0,02716	merced abuelo calle muchacho duda amo ama pie seña palabra cabeza nieto caballero esclavo cara pecho mozo cuarto motivo puerta tono sala edad ventana principio ocasión piedra baile balcón modo ánimo gente oca cuento alma aire marido silla anciano ropa color convento agua oro causa vuelta brazo especie rato mal 
39	0,05815	libro maestro año estudio estudiante escuela muchacho compañero colegio examen profesor lección ciencia discípulo memoria clase abogado juventud cátedra alumno mes educación letra asiento edad facultad carrera obra sala director título conocimiento época tarea mesa latín instrucción filosofía grupo pieza cuarto inteligencia enseñanza porvenir sabio necesidad lectura chico vacación hoja 
40	0,03071	capitán voz revolución mirada orden alcaide gobierno cárcel arma rostro gente libertad coronel frente guardia fortaleza inmediatamente convento patria manera plaza celda elemento doctor año religión ciudad preso campaña consideración eco militar respeto tarde patio acción provincia gesto mesa cuenta despacho viejo expedición cuerpo comandante indio bandido soldado acento taberna 
41	0,01379	mayordomo calle puerta sala vista viuda pensamiento recámara gabinete luz desgracia dinero balcón bandido coche llave diablo boca crimen ama criado sociedad criatura peso papel moreno pie tarde vuelta mesa poeta corazón duda manera comadre circunstancia vivienda frente mal escalera oro sofá zaguán negocio bien alma venganza estado minuto infierno 
42	0,09932	ejército guerra ciudad patria soldado batalla combate jefe arma triunfo victoria pueblo enemigo fuerza sangre campo muerte héroe gloria valor bandera tropa caudillo entusiasmo peligro derrota lucha cabeza libertad compañero primer frente gente prisionero número defensa éxito vencedor retirada ataque caballo primeros camino cuerpo paz encuentro hecho situación espada esfuerzo 
43	0,03291	cura fraile pueblo hereje alma sacerdote causa obispo fe papel camino oficio boticario herejía clérigo guardián paternidad autoridad mesa alcalde convento espíritu muchacho tono idea puerta barbero confesión religión santo infierno mulo pasión gente tierra párroco inquisición gracia miedo interés mirada primer calma celda imagen lector taberna hábito instante iglesia 
44	0,02878	juego onza dinero peso carta oro jugador mesa suerte caballo fortuna partida ganancia bolsillo sota reloj banca golpe vicio rey palabra copa plata cantidad apuesta jugada naipe billete banquero número caja carpeta tapete espada as feria capital pérdida esperanza prenda moneda alhaja vuelta oído emoción mozo deseo suma desquite paquete 
45	0,05691	cadáver muerte cuerpo cementerio dolor sepulcro tumba difunto sepultura tierra resto entierro viejo tarde lugar ataúd alma lágrima grito fosa cruz caja féretro pie agonía año víctima rostro sangre panteón duelo cera noticia luto acto boca llanto campo lado pariente sacerdote funeral lecho golpe habitación capilla cajón oración corona tristeza 
46	0,11985	dinero peso negocio fortuna año oro mes cuenta capital trabajo gasto suma papel cantidad precio asunto interés miseria deuda comercio recurso sociedad crédito socio valor caja modo comerciante empresa situación necesidad mueble país bien palabra calle venta escritorio fondo condición marido moneda documento firma propiedad letra idea renta pago servicio 
47	0,02952	ejército prisionero jefe tropa coronel fuerza marcha arma provincia soldado batalla manera combate orden guerra caballería enemigo gobierno elemento infantería campaña caudillo fuego fraile campo ciudad paz cuerpo caballo línea campamento persecución regimiento carga grupo población triunfo sorpresa acto lanza división retaguardia poder dirección primer artillería fila oficial modo resultado 
48	0,12458	caballo camino jinete pie árbol cabeza animal lado marcha distancia voz campo perro lugar tierra dirección pueblo viajero compañero ruido legua rienda carrera bosque amo fuerza mañana vista galope sombrero luz suelo brazo hacienda gente agua monte grito movimiento vuelta orden miedo silla grupo peligro sitio mozo tiro mulo montaña 
49	0,10369	luz mesa sala puerta pared mueble habitación lado ventana patio cabeza color flor espejo sillón frente cristal cuarto corredor silla pieza comedor piano balcón fondo lámpara cuadro sofá libro suelo madera escalera ruido hoja cortina centro mañana alfombra salón calle labio reloj cama bronce voz mármol techo negro rato gabinete 
50	0,17718	año edad carácter ciudad mes conversación juventud país época costumbre corazón objeto primeros viaje mirada compañero relación historia fortuna aire campo placer educación lector especie sociedad belleza atención gracia gusto compañía paseo primer esposo modo libro calle clase mañana amistad manera fisonomía vista imaginación naturaleza llegada rostro principio tarde trabajo 
51	0,11756	carta papel duda letra calle criado puerta secreto ciudad mesa memoria mañana esperanza objeto corazón lectura pensamiento motivo noticia instante viaje bolsillo deseo palabra prueba año amor caballero escritorio frase pluma libro documento firma línea visita imaginación labio satisfacción temor historia billete hecho pie camino contenido correo atención suceso pliego 
52	0,02922	general artículo calle secretario muchacho palabra diputado periodista redacción compañero cara cabeza frase asunto periódico cuarto personaje ministro mesa pluma bola estudiante jefe mañana número voz escritor párrafo prensa discurso talento director modo alma sala papel gusto miedo tarde elogio boca sillón oficina gesto gobernador fui vergüenza oposición viejo remedio 
53	0,09789	flor árbol sol bosque hoja rama agua río jardín tierra campo pueblo planta camino tarde cielo sombra sitio pájaro aire naturaleza mañana color orilla alegría ave tronco huerta aldea arroyo canto brisa terreno lugar vista nido piedra fruto calor yerba naranjo viento montaña ruido vegetación palma rayo caña follaje aspecto 
54	0,01967	sacerdote dios español guerrero instante pueblo templo anciano país cacique sangre cabeza ciudad sacrificio lugar embajador sumo patria piedra mirada cabaña muchedumbre tierra azteca indio víctima algodón puerta arma altar enemigo flecha choza lector corazón madera palabra árbol extranjero plaza esclavo grito guerra número prisionero voz noticia prisión bosque consejero 
55	0,01769	ciudad amor rostro sol oro flor boca muerte tarde agua alma juventud instante sangre torno espada muro frase espíritu beso pupila pecho arrabal lluvia mañana modo honra alegría lago cuadra ensueño placer merced estancia perfume orgullo cielo dueño piedra lecho vino mal paisaje alto viento ser blancura rumor viejo pensamiento 
56	0,02768	doña viejo brujo dama puerta señoría calle inquisición negocio alguacil lacayo negro ciudad caballero orden oficio marqués palacio rostro lugar secreto justicia podéis año tarde criado razón tormento mañana lado espada desgracia estancia alcalde arzobispo familiar demonio gente noticia licenciado especie estudiante sombrero cuenta carroza esposo brazo portugués escándalo convento 
57	0,1858	puerta calle luz cuarto ventana voz cama patio ruido llave brazo habitación pieza pie cabeza golpe silencio pared escalera sala papel miedo cuerpo suelo vela mesa sueño fuerza lado oído grito palabra corazón rato reja sombra corredor oscuridad sangre fondo criado zaguán dolor vuelta silla ropa peligro punta lugar alma 
58	0,01075	instante caballero pirata gobernador palabra espada villa puerta capitán dama acero brazo duda sonrisa ademán soldado voz convento diablo grito lugar cabeza orden año mirada peso guardián cárcel cólera real minuto vestido muro modo combate bote enemigo libertad alcalde fraile lector podéis provincia secretario pieza labio dedo teniente asesino anciano 
59	0,05838	tío sobrino primo viejo oficina despacho lado par palabra papel gesto informe libro primer expediente mesa muchacho rato trabajo letra escalera página rostro brazo suelo fortuna destino mañana cabeza obra haz pluma carrera tono cuarto voz autoridad empleo impaciencia dedo etc polvo jefe moneda diablo rincón fuerza portero asunto pregunta 
60	0,00989	voz máximo alma palabra año flor expresión obrero amor cabeza aire marco figura mecha fiesta viejo mamá risa tono trabajo luz impresión pie cabello vestido gesto espíritu criatura ser país cara rato labio gracia papá belleza dolor muchacho frente marido coco parque movimiento brazo terraza mar chico primo grito acto 
61	0,15478	idea espíritu instante ser alma recuerdo cerebro mirada sentimiento deseo impresión cuerpo existencia fuerza luz situación cuenta pasión sueño rostro sentido emoción conciencia pensamiento lucha esfuerzo imaginación actitud ánimo movimiento primer sombra acto realidad frase forma imagen detalle hogar carácter ilusión voluntad principio especie impulso mente vista porvenir golpe propósito 
62	0,03534	hacienda compadre pueblo licenciado caballo muchacho gente amo mozo cura administrador dinero camino presidente doña mulo alcalde relumbrón herrero puerta monte autoridad bandido peso indio palabra plata ladrón manera negocio razón gobierno trabajo viaje cabeza recámara criado semana prefecto corral finca carta vecino escolta motivo rumbo lugar juez papá compañía 
63	0,01485	trabajo alma ciudad obrero calle raza sangre nación pueblo año trabajador revolución gobierno hogar hambre país taller tierra honor marcha miseria pobreza riqueza libertad pan campo arte dinero inglés fuerza patria delito rato gente muchedumbre gloria ropa virtud sol silencio forma obra libro hospital religión crimen metamorfosis ahorro error problema 
64	0,06358	gobierno ministro guerra poder presidente país revolución pueblo partido plan ley orden junta tropa jefe año nación gente independencia política mes congreso libertad fuerza autoridad ejército elemento comisión mando decreto palacio gobernador dinero patria causa manera mañana camino clero diputado peso opinión administración secretario pronunciamiento sesión salón lugar acto situación 
65	0,03585	doctor médico idea ciencia brazo carta consuelo causa palabra servicio criado ganga baranda abogado estudio conversación estado individuo salud hospital viuda terreno boticario presidente autor fruto profesión barba cabeza afección inmediatamente judío acento medicina signo color notario solicitud centro cerebro consulta precaución dirección método humanidad país director ausencia suceso viejo 
66	0,00567	fortaleza batería plaza navío fuego castillo fuerza cañón miliciano baluarte defensa monte campo inglés ciudad mar enemigo tierra gobernador pueblo flota grupo nave loma orden altura campesino alcalde muro sitio marqués muralla partidario población escuadra milicia fraile extremo principio veterano canal bandera compañía ataque rey vecindario pelotón defensor comunidad boca 
67	0,03968	negro esclavo amo ingenio finca campo trabajo blanco caña azúcar año cafetal ama castigo esclavitud perro raza machete compañero café látigo libertad falta brazo pañuelo color pie vivienda amor servicio frase muchacho hierro cuero papá ocasión cuarto tabaco carreta modo cubano cepo suelo dueño orden lugar potrero buey enfermería causa 
68	0,02017	rato cabeza corazón luz cuerpo alma dolor silencio cielo amor tierra chico flor sol cuarto alegría espíritu cama palabra médico sangre voz viejo pasión esplendor pecho naturaleza frente brazo hogar sombra miedo ímpetu cara seda calle patio rostro grito muerte camino mejilla plegaria comedor tristeza canto dormitorio beso oro novio 
69	0,06382	viejo muchacho coche criado dinero caballero amo do puerta palabra calle manera cabeza portero voz cuarto lector historia diablo anciano ama peso aventura oro merced desgracia fisonomía ladrón negocio año asunto pieza tutor llave escalera menester duda conversación rato calavera secreto lugar gente corazón querido caja bolsa alhaja miedo personaje 
70	0,03045	teatro palco público actor escena telón artista función compañía papel aplauso asiento escenario director dama ópera arte primer representación obra empresario bastidor acto autor gente foro mirada espectáculo drama voz tragedia triunfo galería concurrencia silencio bailarín localidad cara café cuarto tabla apuntador compañero figura entrada cuenta galán perro querido personaje 
71	0,03531	indio español tierra cacique gobernador conquistador capitán gente oro arma corte lugar tapia palacio tribu ciudad tesorero orden jefe riqueza soldado expedición brazo raza tesoro dama gobierno palabra poder enemigo reino personaje rey pluma religión testigo manera bosque número camino mexicano comitiva muerte espada habitación autoridad armada lanza piedra cuenta 
72	0,04804	viaje tren coche pasajero hotel ciudad estación viajero muchacho camino mañana palabra vapor capital minuto inglés tierra campo paseo sombrero ferrocarril marcha teatro brazo vehículo equipaje vía carta cuarto agua tarde asiento línea conversación baúl máquina semana mes maleta polvo carro sol vagón instante aldea rueda partida sueño correa paisaje 
73	0,01916	coronel gobernador excelencia gobierno valle orden secretario seguridad servicio fondo honor prefecto papel cerro caballero paz pie modo jefe comunicación cuenta carácter gente decreto disposición vecino nombramiento marcha primer militar autoridad golpe soldado batalla caja congreso cargo letra opinión apariencia sistema mando actividad director calor expediente bandido preferencia confianza luna 
74	0,01375	esclavo dios instante sacerdote pieza sitio palabra do calle vista egipcio templo ciudad amo pintura edificio virtud rostro columna estatua lado puerta pared oro cabeza pueblo mármol primo manera efecto belleza anfiteatro huérfano gracia metro traje multitud deseo riqueza vino tumba número pavimento anciano ministro religión bronce jardín baño personaje 
75	0,01828	caballo amo instante peso camino brazo muchacho gusto hacienda fuerza lado pueblo darle arriero favor cara sombrero dinero palabra sitio empeño rato corazón merced silla cura hoja lágrima fui interés año criado suerte negocio desgracia compañero confianza cabeza esposo presencia viaje diablo punta jefe cólera animal plaza pierna tiro criatura 
76	0,12222	calle puerta voz gente ciudad plaza grupo esquina sombrero ventana lado grito barrio cabeza multitud balcón mirada acera golpe centro brazo luz vista vecino color muchacho ruido número patio aire movimiento suelo edificio entrada dirección pared pueblo frente fondo campana iglesia sitio transeúnte farol zaguán palabra policía aspecto curiosidad oído 
77	0,24727	amor corazón alma pasión felicidad palabra ser sentimiento flor mirada pensamiento placer esperanza cielo ángel dolor labio ilusión cariño deseo lágrima idea pecho virtud ternura sentido lado objeto belleza fuego encanto afecto celo sueño existencia naturaleza imaginación sonrisa fuerza ventura manera frente brazo imagen secreto luz primer voluntad emoción soledad 
78	0,04113	príncipe emperador rey palacio español monarca dios imperio voz trono soberano palabra pueblo esposo capitán orden habitación gloria corte ejército brazo mejicano enemigo plaza ministro cuartel acento corona lago dominio guerrero oro provincia respeto tierra poder súbdito prisionero embajador arma honor soldado instante aliado castigo tropa ánimo audiencia oficial templo 
79	0,05237	música voz poeta verso piano artista maestro canto nota corazón obra canción arte talento aplauso poesía instrumento melodía guitarra sentimiento pieza autor composición músico violín oído vista cuerda coro gloria belleza impresión letra entusiasmo alemán lección dedo papel atención gusto ópera lugar estrofa inspiración escena lira multitud admiración compás forma 
80	0,02317	pueblo gobierno partido provincia policía elección política gobernador país revolución hierro jefe orden ciudad autoridad club triunfo arma diario paz poder oposición artículo palabra libertad ciudadano plaza lucha capital diputado situación presidente candidatura campaña congreso doctor influencia voto patria actitud entusiasmo caudillo ambición detalle patriota guardia prensa discurso vecino mayoría 
81	0,09165	baile salón fiesta sala compañero brazo pareja caballero palabra traje música danza grupo mirada reunión sociedad concurrencia conversación flor dama gracia gusto sonrisa lujo pieza placer mesa vuelta marido concurrente pie puerta luz asiento tono máscara honor jardín muchacho lado invitación atención vestido frase abanico dueño gente lugar cuadra aire 
82	0,01536	sargento cerro gruta cordillera valle cueva rastro camino cabo sierra lado país jefe partida instante falda cumbre río mulo montaña fuego año territorio animal lugar indio norte patriota piedra pie suelo lord cuesta población cara loma tierra realista arroyo sitio ganado bosque legua caballo rastreador soldado loco patria marido sorpresa 
83	0,01422	paisano caballo cuello partida gente soldado alcalde sargento golpe sable justicia quinta cuerpo toldo teniente cabeza arma partido puñalada guitarra puerta diablo vuelta dirección vista valor prenda camino copa plaza manera paz patrulla policía rienda campo miedo blanco boca pago lucha combate pueblo persecución cintura carrera actitud manta jinete tirador 
84	0,07303	edificio obra ciudad palacio piedra vista salón cuadro agua entrada fondo centro lugar artista sitio lado jardín arte objeto forma columna pintura pie estatua monumento templo primer gusto puerta piso recinto año escalera derecha figura izquierda oro primeros galería mármol esposo atención espacio pared altura pintor color arco aspecto bóveda 
85	0,0193	instante doctor sitio vista corazón objeto palabra alma sentimiento duda esperanza pecho soledad felicidad mendigo idea manera gracia rostro desgracia cuaderno temor esposo pensamiento acento tierra coche puerta calle deseo ser sociedad placer pieza satisfacción muerte labio honra inocencia bien fortuna alegría cabeza atención do asunto tristeza gusto lágrima juego 
86	0,46917	palabra asunto razón modo manera idea motivo deseo duda cabeza conversación confianza situación lugar interés fuerza cuenta atención voluntad voz objeto camino relación causa orden circunstancia falta favor corazón lado ocasión resolución respeto tono conducta hecho suerte gracia deber intención amistad pregunta resultado estado efecto carácter desgracia prueba opinión temor 
87	0,02893	cuerpo ocasión amor beso chico brazo vera instante cigarro muerte calle luz cara fuerza año sueño principio caricia vivienda causa carne tranvía cama cariño hombro memoria labio recuerdo risa individuo miedo gendarme existencia respuesta sitio reja palabra cabo lágrima modo riesgo estancia par muchacho minuto pensamiento julio cuenta prisa remordimiento 
88	0,05103	sociedad salón diario viejo fortuna calle talento dama personaje país título tipo cuadro libro ministro duda tono moda estudio papel cara expresión gusto número política teatro público coche carácter círculo estilo artista pelo club periódico palabra artículo obra cuestión arte juego fondo fama negocio tema detalle etc nariz letra falta 
89	0,01055	marquesa corazón puerta poeta gabinete alma pie lector jorobado labio conciencia cabeza virtud barón salón impresión carta gloria cara palabra sonrisa sentimiento calle miedo minuto satisfacción mirada interés duda escalera emoción visita brazo papel pecho fisonomía general risa mentira intención suerte sueño año triunfo caballero imaginación amo dignidad rostro idea 
90	0,02231	francés emperador estudiante ejército guerrillero imperio caballero diplomático nación existencia palabra sangre situación frente negocio pueblo archiduque porvenir muerte campo revolución ciudad silencio corazón trono corte demonio honor dama sombra monarquía cuestión luz tumba ministro intervención historia mexicano bandera destino aliento mariscal rayo año republicano país capital pensamiento patria cerebro 
91	0,08591	iglesia sacerdote altar misa templo voz oración procesión campana convento pueblo santo capilla cruz ciudad religión gracia imagen sacristía nave ceremonia oro vela atrio coro fraile monje alma cera fe puerta mañana año fiesta rosario pecado obispo clérigo plata libro camino virtud torre idea cielo cirio parroquia órgano devoción confesión 
92	0,01519	cabeza rosa asesino calle bandido mazorca orden federación muerte manera víctima ciudad tirano matanza crimen grupo sangre cadáver cuchillo sótano cuenta paz revolución lomo cuerpo doña golpe escena pueblo jefe corazón unitario asesinato comandante cuartel coronel pistola grito gobierno gobernador carro año servicio retrato trabajo primer poder ferocidad campaña divisa 
93	0,28919	voz palabra brazo cabeza mirada instante rostro labio puerta silencio pie corazón dolor frente acento grito sangre pecho cuerpo fuerza anciano muerte duda movimiento lágrima vista sonrisa lado cabello expresión rodilla oído venganza presencia lecho golpe esfuerzo cólera terror escena pensamiento espanto espalda miedo ruido modo luz boca aire desesperación 
94	0,25186	corazón alma lágrima dolor muerte desgracia cielo amor palabra esposo esperanza brazo felicidad cariño existencia año criatura suerte consuelo llanto frente anciano tierra recuerdo fuerza sentimiento ser pecho miseria destino ángel perdón memoria espíritu sufrimiento desesperación emoción sacrificio lado alegría bondad infortunio tristeza porvenir ternura deber gracia voz valor rostro 
95	0,01593	puerta espíritu cabeza sangre calle orden sala palabra patria año tirano minuto provincia mirada ciudad rosa coche pueblo época fisonomía gobernador primo caballo gobierno servicio alma dictador causa querido policía gabinete río libertad revolución peligro roza desgracia silla mañana suceso ballenera ministro expresión frente individuo diablo ejército patio personaje lugar 
96	0,02277	espíritu palabra sabio modo manera ciencia especie fenómeno carácter razón cuerpo materia teoría elemento alma planeta objeto forma región habitante opinión idioma esqueleto fuerza cuestión imagen gato genio centro individuo ser cráneo expresión lobo sentido primer principio espacio caja sesión colección atención observación lucha humanidad relación lector idea misterio ciudad 
97	0,13165	muchacho viejo boca diablo cabeza cara pie gente cuenta mozo nariz chico año perro tierra modo lengua puerta pierna pelo gracia alma pata vuelta palo oreja color papel aire gato sol rato sombrero carne demonio piedra dedo barba cuento duda papá historia falta agua diente camisa humor gana ocasión voz 
98	0,19047	luz cielo alma sol sombra voz nube luna rayo silencio mirada corazón frente tierra viento estrella labio horizonte aire fondo amor mar flor montaña árbol ala pie tarde eco espíritu sueño color seno agua cabeza rostro relámpago brisa lágrima tempestad rumor pecho ave oro lluvia espacio brazo imagen astro fuego 
99	0,03157	estancia campo caballo muchacho año mate correa patrón capataz trabajo vaca dueño viejo animal cuero tierra peón suelo gente pieza lado cuadra campaña sol ciudad pampa carreta perro laguna guitarra luz legua oveja potro monte vuelta buey pasto paja movimiento arroyo galope árbol corral servicio vista chino rienda establecimiento pañuelo 
